{"cameraMode":{"drawMode":0,"name":"Shaded","section":"Shading Mode"},"sceneLighting":true,"audioPlay":false,"sceneViewState":{"showFog":true,"showMaterialUpdate":false,"showSkybox":true,"showFlares":true,"showImageEffects":true,"showParticleSystems":true},"in2DMode":false,"pivot":{"x":-0.02887725830078125,"y":0.004913330078125,"z":-0.0125732421875},"rotation":{"x":0.18320246040821076,"y":0.0518777035176754,"z":-0.009676937013864518,"w":0.9816720485687256},"size":0.22218146920204163,"orthographic":true}